Workbook
Name _: #REF!
Name _: #REF!
Name _: #REF!
Name _: #REF!
Name _: #REF!
Name _: #REF!
Name _1: '[5]1ST'!#REF!
Name _1: '[5]1ST'!#REF!
Name _1: '[5]1ST'!#REF!
Name _1: '[5]1ST'!#REF!
Name _1: '[5]1ST'!#REF!
Name _1: '[5]1ST'!#REF!
Name _15A: [6]금액내역서!$D$3:$D$10
Name _1차_94년: #N/A
Name _2차결제일: #N/A
Name _CVC2: [7]!StartSeller
Name _CVC2: [7]!StartSeller
Name _CVC2: [7]!StartSeller
Name _CVC2: [7]!StartSeller
Name _CVC2: [7]!StartSeller
Name _CVC2: [7]!StartSeller
Name _jak10: [7]!_xlbgnm.jak10
Name _jak10: [7]!_xlbgnm.jak10
Name _jak10: [7]!_xlbgnm.jak10
Name _jak10: [7]!_xlbgnm.jak10
Name _jak10: [7]!_xlbgnm.jak10
Name _jak10: [7]!_xlbgnm.jak10
Name _jak11: [7]!_xlbgnm.jak11
Name _jak11: [7]!_xlbgnm.jak11
Name _jak11: [7]!_xlbgnm.jak11
Name _jak11: [7]!_xlbgnm.jak11
Name _jak11: [7]!_xlbgnm.jak11
Name _jak11: [7]!_xlbgnm.jak11
Name _jak12: [7]!_xlbgnm.jak12
Name _jak12: [7]!_xlbgnm.jak12
Name _jak12: [7]!_xlbgnm.jak12
Name _jak12: [7]!_xlbgnm.jak12
Name _jak12: [7]!_xlbgnm.jak12
Name _jak12: [7]!_xlbgnm.jak12
Name _jak13: [7]!_xlbgnm.jak13
Name _jak13: [7]!_xlbgnm.jak13
Name _jak13: [7]!_xlbgnm.jak13
Name _jak13: [7]!_xlbgnm.jak13
Name _jak13: [7]!_xlbgnm.jak13
Name _jak13: [7]!_xlbgnm.jak13
Name _jak2: [7]!_xlbgnm.jak2
Name _jak2: [7]!_xlbgnm.jak2
Name _jak2: [7]!_xlbgnm.jak2
Name _jak2: [7]!_xlbgnm.jak2
Name _jak2: [7]!_xlbgnm.jak2
Name _jak2: [7]!_xlbgnm.jak2
Name _jak3: [7]!_xlbgnm.jak3
Name _jak3: [7]!_xlbgnm.jak3
Name _jak3: [7]!_xlbgnm.jak3
Name _jak3: [7]!_xlbgnm.jak3
Name _jak3: [7]!_xlbgnm.jak3
Name _jak3: [7]!_xlbgnm.jak3
Name _jak4: [7]!_xlbgnm.jak4
Name _jak4: [7]!_xlbgnm.jak4
Name _jak4: [7]!_xlbgnm.jak4

Sheet 가격테이블
C1: 노즐플레이트 공사 | F1: 정기점검 서비스 | J1: "노플공사+점검" 구간별 면당 판매가 | M1: 원격관제공사 구간별 면당 판매가 | Q1: 원격관제 공사 | T1: 원격관제 서비스 (RMS) | X1: 원격관제 서비스 (AI CCTV)
B2: 면수 | C2: 공사매출 | D2: 공사원가 | E2: 면당 원가 | F2: 월매출 | G2: 면당 판매가(단품) | H2: 월원가 | I2: 면당 원가 | J2: 무약정 | K2: 3년약정 | L2: 5년약정 | M2: 무약정 | N2: 2년약정 | O2: 3년약정 | P2: 5년약정 | Q2: 공사매출 | R2: 공사원가 | S2: 면당 원가 | T2: 월매출 | U2: 면당 판매가(단품) | V2: 월원가 | W2: 면당 원가 | X2: 월매출 | Y2: 면당 판매가(단품) | Z2: 월원가 | AA2: 면당 원가
B3: 1 | C3: 18600000 | D3: 15000000 | E3: 15000000 | F3: 100000 | G3: 100000 | H3: 80000 | I3: 80000 | J3: 19800000 | K3: 24500000 | L3: 29800000 | M3: 3541000 | N3: 3800000 | O3: 3930000 | P3: 4510000 | Q3: 3541200 | R3: 2951000 | S3: 2951000 | T3: 18400 | U3: 20000 | V3: 15300 | W3: 15300 | X3: 200000 | Y3: 200000 | Z3: 166800 | AA3: 166800
B4: 2 | C4: 25500000 | D4: 20400000 | E4: 10200000 | F4: 100000 | G4: 50000 | H4: 80000 | I4: 40000 | J4: 13500000 | K4: 16000000 | L4: 19500000 | M4: 2000000 | N4: 2140000 | O4: 2220000 | P4: 2540000 | Q4: 3863200 | R4: 3219333.3 | S4: 1378000 | T4: 23100 | U4: 20000 | V4: 19300 | W4: 8500 | X4: 200000 | Y4: 80000 | Z4: 166800 | AA4: 66700
B5: 3 | C5: 32400000 | D5: 25700000 | E5: 8566000 | F5: 100000 | G5: 50000 | H5: 80000 | I5: 26600 | J5: 13500000 | K5: 16000000 | L5: 19500000 | M5: 2000000 | N5: 2140000 | O5: 2220000 | P5: 2540000 | Q5: 4406400 | R5: 3672000 | S5: 1378000 | T5: 27800 | U5: 20000 | V5: 23200 | W5: 8500 | X5: 200000 | Y5: 80000 | Z5: 166800 | AA5: 66700
B6: 4 | C6: 40000000 | D6: 31600000 | E6: 7393000 | F6: 100000 | G6: 20000 | H6: 80000 | I6: 16000 | J6: 10000000 | K6: 11500000 | L6: 13500000 | M6: 1400000 | N6: 1500000 | O6: 1550000 | P6: 1780000 | Q6: 5456400 | R6: 4547000 | S6: 1099000 | T6: 32500 | U6: 10000 | V6: 27100 | W6: 6200 | X6: 200000 | Y6: 40000 | Z6: 166800 | AA6: 33300
B7: 5 | C7: 46900000 | D7: 37000000 | E7: 7393000 | F7: 100000 | G7: 20000 | H7: 80000 | I7: 16000 | J7: 10000000 | K7: 11500000 | L7: 13500000 | M7: 1400000 | N7: 1500000 | O7: 1550000 | P7: 1780000 | Q7: 6946800 | R7: 5789000 | S7: 1099000 | T7: 37200 | U7: 10000 | V7: 31000 | W7: 6200 | X7: 200000 | Y7: 40000 | Z7: 166800 | AA7: 33300
B8: 6 | C8: 53800000 | D8: 42300000 | E8: 7393000 | F8: 100000 | G8: 20000 | H8: 80000 | I8: 16000 | J8: 10000000 | K8: 11500000 | L8: 13500000 | M8: 1400000 | N8: 1500000 | O8: 1550000 | P8: 1780000 | Q8: 7380000 | R8: 6150000 | S8: 1099000 | T8: 41900 | U8: 10000 | V8: 34900 | W8: 6200 | X8: 200000 | Y8: 40000 | Z8: 166800 | AA8: 33300
B9: 7 | C9: 61400000 | D9: 48200000 | E9: 6800000 | F9: 100000 | G9: 11000 | H9: 80000 | I9: 8900 | J9: 9000000 | K9: 11000000 | L9: 12000000 | M9: 1100000 | N9: 1180000 | O9: 1220000 | P9: 1400000 | Q9: 8430000 | R9: 7025000 | S9: 898000 | T9: 46600 | U9: 6000 | V9: 38800 | W9: 4300 | X9: 200000 | Y9: 19000 | Z9: 166800 | AA9: 14400
B10: 8 | C10: 68300000 | D10: 53500000 | E10: 6800000 | F10: 100000 | G10: 11000 | H10: 80000 | I10: 8900 | J10: 9000000 | K10: 11000000 | L10: 12000000 | M10: 1100000 | N10: 1180000 | O10: 1220000 | P10: 1400000 | Q10: 8862000 | R10: 7385000 | S10: 898000 | T10: 51300 | U10: 6000 | V10: 42800 | W10: 4300 | X10: 200000 | Y10: 19000 | Z10: 166800 | AA10: 14400
B11: 9 | C11: 79500000 | D11: 62400000 | E11: 6800000 | F11: 100000 | G11: 11000 | H11: 80000 | I11: 8900 | J11: 9000000 | K11: 11000000 | L11: 12000000 | M11: 1100000 | N11: 1180000 | O11: 1220000 | P11: 1400000 | Q11: 9295200 | R11: 7746000 | S11: 898000 | T11: 56000 | U11: 6000 | V11: 46700 | W11: 4300 | X11: 200000 | Y11: 19000 | Z11: 166800 | AA11: 14400
B12: 10 | C12: 87400000 | D12: 68600000 | E12: 6800000 | F12: 100000 | G12: 11000 | H12: 80000 | I12: 8900 | J12: 9000000 | K12: 11000000 | L12: 12000000 | M12: 1100000 | N12: 1180000 | O12: 1220000 | P12: 1400000 | Q12: 12836400 | R12: 10697000 | S12: 898000 | T12: 60700 | U12: 6000 | V12: 50600 | W12: 4300 | X12: 200000 | Y12: 19000 | Z12: 166800 | AA12: 14400
B13: 11 | C13: 94500000 | D13: 74100000 | E13: 6800000 | F13: 100000 | G13: 11000 | H13: 80000 | I13: 8900 | J13: 9000000 | K13: 11000000 | L13: 12000000 | M13: 1100000 | N13: 1180000 | O13: 1220000 | P13: 1400000 | Q13: 13158400 | R13: 10965333 | S13: 898000 | T13: 65400 | U13: 6000 | V13: 54500 | W13: 4300 | X13: 200000 | Y13: 19000 | Z13: 166800 | AA13: 14400
B14: 12 | C14: 101700000 | D14: 79700000 | E14: 6800000 | F14: 100000 | G14: 11000 | H14: 80000 | I14: 8900 | J14: 9000000 | K14: 11000000 | L14: 12000000 | M14: 1100000 | N14: 1180000 | O14: 1220000 | P14: 1400000 | Q14: 13701600 | R14: 11418000 | S14: 898000 | T14: 70100 | U14: 6000 | V14: 58400 | W14: 4300 | X14: 200000 | Y14: 19000 | Z14: 166800 | AA14: 14400
... B52: 50 | C52: 454900000 | D52: 357800000 | E52: 6800000 | F52: 510000 | G52: 11000 | H52: 442000 | I52: 8900 | J52: 9000000 | K52: 11000000 | L52: 12000000 | M52: 1100000 | N52: 1180000 | O52: 1220000 | P52: 1400000 | Q52: 53422800 | R52: 44519000 | S52: 898000 | T52: 248700 | U52: 6000 | V52: 207300 | W52: 4300 | X52: 850000 | Y52: 19000 | Z52: 708900 | AA52: 14400

Sheet 견적서
A1: 견 적 서
C2: 귀중 | E2: 사업자등록번호 : 707 - 86 - 02404
A3: 견적 금액 : | B3: =F21 -> 96800000 | E3: 상호 : ㈜에스앤아이코퍼레이션 대표자 : 형 원 준
A4: 견적 제출일자 : | E4: 주소 : 서울 강서구 마곡중앙로 150 D&O강서사옥
A5: 견적 유효기간 : | B5: 견적 제출일로부터 30일 | E5: T. 1661-1119 www.sni.co.kr
E7: (단위: 원)
A8: 구 분 | C8: 약정 개월 / 층 위치 | D8: 주차면 수 | E8: 단가 | F8: 금 액 | G8: 비 고
A9: =견적시뮬레이터!J5 -> 1. 전기차 진화 시스템 구축비 | C9: =견적시뮬레이터!K5 -> 무약정 | D9: =견적시뮬레이터!L5 -> 7 | F9: =견적시뮬레이터!N5 -> 77000000
C10: =견적시뮬레이터!K6 -> B1F | D10: =견적시뮬레이터!L6 -> 2 | E10: =견적시뮬레이터!M6 -> 13500000 | F10: =견적시뮬레이터!N6 -> 27000000
C11: =견적시뮬레이터!K7 -> B3F | D11: =견적시뮬레이터!L7 -> 5 | E11: =견적시뮬레이터!M7 -> 10000000 | F11: =견적시뮬레이터!N7 -> 50000000
C12: =견적시뮬레이터!K8 | D12: =견적시뮬레이터!L8 | E12: =견적시뮬레이터!M8 -> 0 | F12: =견적시뮬레이터!N8 -> 0
A13: =견적시뮬레이터!J9 -> 2. 원격 관제 시스템 구축비 | C13: =견적시뮬레이터!K9 -> 무약정 | D13: =견적시뮬레이터!L9 -> 7 | F13: =견적시뮬레이터!N9 -> 11000000
C14: =견적시뮬레이터!K10 -> B1F | D14: =견적시뮬레이터!L10 -> 2 | E14: =견적시뮬레이터!M10 -> 2000000 | F14: =견적시뮬레이터!N10 -> 4000000
C15: =견적시뮬레이터!K11 -> B3F | D15: =견적시뮬레이터!L11 -> 5 | E15: =견적시뮬레이터!M11 -> 1400000 | F15: =견적시뮬레이터!N11 -> 7000000
C16: =견적시뮬레이터!K12 | D16: =견적시뮬레이터!L12 | E16: =견적시뮬레이터!M12 -> 0 | F16: =견적시뮬레이터!N12 -> 0
A17: =견적시뮬레이터!J13 -> 3. 원격관제시스템 월 운영서비스료 | C17: =견적시뮬레이터!K13 -> 미선택 | D17: =견적시뮬레이터!L13 -> 7 | F17: =견적시뮬레이터!N13 -> 0
C18: =견적시뮬레이터!K14 | D18: =견적시뮬레이터!L14 -> 7 | E18: =견적시뮬레이터!M14 -> 25000 | F18: =견적시뮬레이터!N14 -> 0
A19: 공 급 가 액 | D19: =견적시뮬레이터!L15 -> 7 | F19: =견적시뮬레이터!N15 -> 88000000
A20: 부가가치세 | E20: 0.1 | F20: =F19*E20 -> 8800000
A21: 공 급 대 가 | F21: =F19+F20 -> 96800000
A22: 참고 사항 | B22: ① 상기 견적은 연속적으로 연결된 주차면수를 기준으로 책정되었습니다. ② 기본 공사 조건( 급수배관거리 50m, 분전반거리 50m )으로 산출된 견적으로, 급수배관 및 분전반의 거리가 기본 조건을 초과하거나 급수배관이 적정압력(4kg/㎠) 이하일 경우는 가압 설비 등 추가 비용이 발생될 수 있습니다.
A23: 영업 담당자 (소속/성명)

Sheet 견적시뮬레이터
B2: ■ 견적 시뮬레이터 | J2: ■ 견적 내역
N3: (단위:원) | P3: 1 | R3: B1F | T3: 0
C4: [▶1 Step] 기본상품 약정 입력 | E4: [▶2 Step] 권장상품 약정 입력 | G4: [▶3 Step] 설치장소 및 필요수량(연속공간 기준) 입력 | J4: 구 분 | K4: 약정 개월 / 층 위치 | L4: 주차면 수 | M4: 단가 | N4: 금 액 | P4: 1 | R4: B2F | T4: 2
C5: 전기차 진화 시스템 | E5: 원격 관제 시스템 | G5: 지하 층위치 | H5: 연속된 주차면수 | J5: 1. 전기차 진화 시스템 구축비 | K5: =_xlfn.IFS($P$3=1,"무약정",$P$3=2,"36개월",$P$3=3,"60개월") -> 무약정 | L5: =SUM($L$6:$L$8) -> 7 | N5: =SUM($N$6:$N$8) -> 77000000 | R5: B3F | T5: 3
G6: B1F | H6: 2 | K6: =IF($H$6=0,"",$G$6) -> B1F | L6: =IF($H$6=0,"",$H$6) -> 2 | M6: =IF($L$6="",0,_xlfn.IFS($P$3=1,VLOOKUP($L$6,가격테이블!$B$4:$AA$52,9,0),$P$3=2,VLOOKUP($L$6,가격테이블!$B$4:$AA$52,10,0),$P$3=3,VLOOKUP($L$6,가격테이블!$B$4:$AA$52,11,0))) -> 13500000 | N6: =IF($L$6="",0,$L$6*$M$6) -> 27000000 | R6: B4F | T6: 4
G7: B3F | H7: 5 | K7: =IF($H$7=0,"",$G$7) -> B3F | L7: =IF($H$7=0,"",$H$7) -> 5 | M7: =IF($L$7="",0,_xlfn.IFS($P$3=1,VLOOKUP($L$7,가격테이블!$B$4:$AA$52,9,0),$P$3=2,VLOOKUP($L$7,가격테이블!$B$4:$AA$52,10,0),$P$3=3,VLOOKUP($L$7,가격테이블!$B$4:$AA$52,11,0))) -> 10000000 | N7: =IF($L$7="",0,$L$7*$M$7) -> 50000000 | R7: B5F | T7: 5
G8: B5F | H8: 0 | K8: =IF($H$8=0,"",$G$8) | L8: =IF($H$8=0,"",$H$8) | M8: =IF($L$8="",0,_xlfn.IFS($P$3=1,VLOOKUP($L$8,가격테이블!$B$4:$AA$52,9,0),$P$3=2,VLOOKUP($L$8,가격테이블!$B$4:$AA$52,10,0),$P$3=3,VLOOKUP($L$8,가격테이블!$B$4:$AA$52,11,0))) -> 0 | N8: =IF($L$8="",0,$L$8*$M$8) -> 0 | R8: B6F | T8: 6
G9: [참고] ① 연속된 주차면수는 한 줄로 연결된 주차공간을 지칭하며, 층을 달리하거나 주차장의 동측과 서측 등으로 분리된 경우는 별도의 연속 주차면수로 인식합니다. ② 주차면수 30면을 초과하는 경우는 S&I corp. 담당자와 상의하여 주십시오. ③ 주차면수 1면 상품은 고객 수용단가를 맞출 수 없어서 판매를 할 수 없습니다. | J9: 2. 원격 관제 시스템 구축비 | K9: =_xlfn.IFS($P$4=1,"무약정",$P$4=2,"36개월",$P$4=3,"60개월",$P$4=4,"미선택",$P$4=5,"24개월") -> 무약정 | L9: =SUM($L$10:$L$12) -> 7 | N9: =SUM($N$10:$N$12) -> 11000000 | R9: B7F | T9: 7
K10: =IF($H$6=0,"",$G$6) -> B1F | L10: =IF($H$6=0,"",$H$6) -> 2 | M10: =IF($L$10="",0,_xlfn.IFS($P$4=1,VLOOKUP($L$10,가격테이블!$B$4:$AA$52,12,0),$P$4=2,VLOOKUP($L$10,가격테이블!$B$4:$AA$52,14,0),$P$4=3,VLOOKUP($L$10,가격테이블!$B$4:$AA$52,15,0),$P$4=4,0,$P$4=5,VLOOKUP($L$10,가격테이블!$B$4:$AA$52,13,0))) -> 2000000 | N10: =IF($L$10="",0,$L$10*$M$10) -> 4000000 | R10: 기타 | T10: 8
K11: =IF($H$7=0,"",$G$7) -> B3F | L11: =IF($H$7=0,"",$H$7) -> 5 | M11: =IF($L$11="",0,_xlfn.IFS($P$4=1,VLOOKUP($L$11,가격테이블!$B$4:$AA$52,12,0),$P$4=2,VLOOKUP($L$11,가격테이블!$B$4:$AA$52,14,0),$P$4=3,VLOOKUP($L$11,가격테이블!$B$4:$AA$52,15,0),$P$4=4,0,$P$4=5,VLOOKUP($L$11,가격테이블!$B$4:$AA$52,13,0))) -> 1400000 | N11: =IF($L$11="",0,$L$11*$M$11) -> 7000000 | T11: 9
K12: =IF($H$8=0,"",$G$8) | L12: =IF($H$8=0,"",$H$8) | M12: =IF($L$12="",0,_xlfn.IFS($P$4=1,VLOOKUP($L$12,가격테이블!$B$4:$AA$52,12,0),$P$4=2,VLOOKUP($L$12,가격테이블!$B$4:$AA$52,14,0),$P$4=3,VLOOKUP($L$12,가격테이블!$B$4:$AA$52,15,0),$P$4=4,0,$P$4=5,VLOOKUP($L$12,가격테이블!$B$4:$AA$52,13,0))) -> 0 | N12: =IF($L$12="",0,$L$12*$M$12) -> 0 | T12: 10
J13: 3. 원격관제시스템 월 운영서비스료 | K13: =IF(K9="무약정","미선택",$K$9) -> 미선택 | L13: =$L$14 -> 7 | N13: =IF($N$14="",0,$N$14) -> 0 | T13: 11
K14: =IF(SUM($L$10:$L$12)=0,"",_xlfn.IFS($P$4=1,"",$P$4=5,24,$P$4=2,36,$P$4=3,60,$P$4=4,"")) | L14: =IF(SUM($L$10:$L$12)=0,"",SUM($L$10:$L$12)) -> 7 | M14: =IF($L$14="",0,VLOOKUP($L$14,가격테이블!$B$4:$AA$52,20,0)+VLOOKUP($L$14,가격테이블!$B$4:$AA$52,24,0)) -> 25000 | N14: =IF($K$14="",0,$K$14*$L$14*$M$14) -> 0 | T14: 12
J15: 공 급 가 액 | L15: =$L$5 -> 7 | N15: =$N$5+$N$9+$N$13 -> 88000000 | T15: 13
T16: 14
J17: 구 분 | K17: 약정 개월 / 층 위치 | L17: 주차면 수 | M17: 단가 | N17: 금 액 | T17: 15
J18: 1. 전기차 진화 시스템 구축비 | K18: =_xlfn.IFS($P$3=1,"무약정",$P$3=2,"36개월",$P$3=3,"60개월") -> 무약정 | L18: =SUM(L19:L21) -> 7 | N18: =SUM(N19:N21) -> 57400000 | T18: 16
K19: =IF($H$6=0,"",$G$6) -> B1F | L19: =IF($H$6=0,"",$H$6) -> 2 | N19: =IF($L$19="",0,VLOOKUP(L19,가격테이블!$B$4:$AA$52,3,0)) -> 20400000 | T19: 17
K20: =IF($H$7=0,"",$G$7) -> B3F | L20: =IF($H$7=0,"",$H$7) -> 5 | N20: =IF($L$20="",0,VLOOKUP(L20,가격테이블!$B$4:$AA$52,3,0)) -> 37000000 | T20: 18
K21: =IF($H$8=0,"",$G$8) | L21: =IF($H$8=0,"",$H$8) | N21: =IF($L$21="",0,VLOOKUP(L21,가격테이블!$B$4:$AA$52,3,0)) -> 0 | T21: 19
J22: 2. 원격 관제 시스템 구축비 | K22: =_xlfn.IFS($P$4=1,"무약정",$P$4=2,"36개월",$P$4=3,"60개월",$P$4=4,"미선택",$P$4=5,"24개월") -> 무약정 | L22: =SUM(L23:L25) -> 7 | N22: =SUM(N23:N25) -> 9008333.3 | T22: 20
K23: =IF($H$6=0,"",$G$6) -> B1F | L23: =IF($H$6=0,"",$H$6) -> 2 | N23: =IF($L$23="",0,IF(P4=4,0,VLOOKUP(L23,가격테이블!$B$4:$AA$52,17,0))) -> 3219333.3 | T23: 21
K24: =IF($H$7=0,"",$G$7) -> B3F | L24: =IF($H$7=0,"",$H$7) -> 5 | N24: =IF($L$24="",0,IF(P4=4,0,VLOOKUP(L24,가격테이블!$B$4:$AA$52,17,0))) -> 5789000 | T24: 22
K25: =IF($H$8=0,"",$G$8) | L25: =IF($H$8=0,"",$H$8) | N25: =IF($L$25="",0,IF(P4=4,0,VLOOKUP(L25,가격테이블!$B$4:$AA$52,17,0))) -> 0 | T25: 23
J26: 3. 원격관제시스템 월 운영서비스료 | K26: =IF(K22="무약정","미선택",$K$22) -> 미선택 | L26: =L27 -> 7 | N26: =N27 -> 0 | T26: 24
K27: =IF(SUM($L$10:$L$12)=0,"",_xlfn.IFS($P$4=1,"",$P$4=5,24,$P$4=2,36,$P$4=3,60,$P$4=4,"")) | L27: =IF(SUM($L$10:$L$12)=0,"",SUM($L$10:$L$12)) -> 7 | N27: =IF($K$27="",0,(VLOOKUP(L27,가격테이블!$B$4:$AA$52,21,0)+VLOOKUP(L27,가격테이블!$B$4:$AA$52,25,0))*K27) -> 0 | T27: 25
J28: 매 출 원 가 | L28: =$L$5 -> 7 | N28: =N18+N22+N26 -> 66408333 | T28: 26
J29: 매총1 | M29: =N29/N15 -> 0.24535985 | N29: =N15-N28 -> 21591667 | T29: 27
T30: 28
T31: 29
T32: 30

Sheet 직영및채널_판매가격(대외비)_비교
B2: ■ 직영 및 채널 판매가격 (대외비)
B5: ■ 연속 주차면수가 2면~3면인 상품
B6: 구분 | C6: 무약정 | D6: 36개월약정 | E6: 60개월약정 | F6: [옵션] 정기점검서비스
B7: 고객부담금 (주차1면당) | C7: 13,500,000원/1면 (VAT별도) | D7: 16,000,000원/1면 (VAT별도) | E7: 19,500,000원/1면 (VAT별도) | F7: 월 50,000원 (VAT별도)
B8: 대금지급조건 | C8: 일시납 | D8: 36개월 분납 | E8: 60개월 분납 | F8: 월납
B9: 정기점검 | C9: 년 4회 포함 | D9: 3년 12회 포함 | E9: 5년 20회 포함 | F9: 년 4회 포함
B10: 소모품/부속품교체비용 | C10: 무상 1년 | D10: 무상 3년 | E10: 무상 5년 | F10: 고객 부담
B12: ■ 연속 주차면수가 4면~6면인 상품
B13: 구분 | C13: 무약정 | D13: 36개월약정 | E13: 60개월약정 | F13: [옵션] 정기점검서비스
B14: 고객부담금 (주차1면당) | C14: 10,000,000원/1면 (VAT별도) | D14: 11,500,000원/1면 (VAT별도) | E14: 13,500,000원/1면 (VAT별도) | F14: 월 20,000원 (VAT별도)
B15: 대금지급조건 | C15: 일시납 | D15: 36개월 분납 | E15: 60개월 분납 | F15: 월납
B16: 정기점검 | C16: 년 4회 포함 | D16: 3년 12회 포함 | E16: 5년 20회 포함 | F16: 년 4회 포함
B17: 소모품/부속품교체비용 | C17: 무상 1년 | D17: 무상 3년 | E17: 무상 5년 | F17: 고객 부담
B19: ■ 연속 주차면수가 7면~30면인 상품
B20: 구분 | C20: 무약정 | D20: 36개월약정 | E20: 60개월약정 | F20: [옵션] 정기점검서비스
B21: 고객부담금 (주차1면당) | C21: 9,000,000원/1면 (VAT별도) | D21: 11,000,000원/1면 (VAT별도) | E21: 12,000,000원/1면 (VAT별도) | F21: 월 11,000원 (VAT별도)
B22: 대금지급조건 | C22: 일시납 | D22: 36개월 분납 | E22: 60개월 분납 | F22: 월납
B23: 정기점검 | C23: 년 4회 포함 | D23: 3년 12회 포함 | E23: 5년 20회 포함 | F23: 년 4회 포함
B24: 소모품/부속품교체비용 | C24: 무상 1년 | D24: 무상 3년 | E24: 무상 5년 | F24: 고객 부담
B26: [추가 비용이 발생할 수 있는 경우]
B27: 2. 설치 여건에 따라서 추가적인 비용이 발생합니다.
B28: 1. [옵션] 정기점검서비스는 약정기간 만료 후, 점검을 원하시는 경우 참고하실 수 있는 금액입니다. 약정 종료 시점에 물가 및 임금 인상율에 따라서 변동될 수 있습니다.
B31: [연속 주차면수 이해]
B32: 1. 1면 공사의 경우는 공사단가가 지나치게 높아서 상품화하지 못하였습니다.

Sheet 직영및채널_판매가격(대외비)
B2: ■ 직영 및 채널 판매가격 (대외비)
B4: ■ 전기차 진화 시스템 (주차 1면당 금액)
E5: (단위: 원,VAT별도)
C6: 2~3면 규모 | D6: 4~6면 규모 | E6: 7~30면 규모
B7: 무약정 | C7: 13500000 | D7: 10000000 | E7: 9000000
B8: 36개월 약정 | C8: 16000000 | D8: 11500000 | E8: 11000000
B9: 60개월 약정 | C9: 19500000 | D9: 13500000 | E9: 12000000
B11: ■ 원격 관제 시스템 (주차 1면당 금액)
E12: (단위: 원,VAT별도)
C13: 2~3면 규모 | D13: 4~6면 규모 | E13: 7~30면 규모
B14: 무약정 | C14: 2000000 | D14: 1400000 | E14: 1100000
B15: 24개월약정 | C15: 2140000 | D15: 1500000 | E15: 1180000
B16: 36개월약정 | C16: 2220000 | D16: 1550000 | E16: 1220000
B17: 60개월약정 | C17: 2540000 | D17: 1780000 | E17: 1400000
B19: ■ 원격관제시스템 월 운영서비스료 (주차 1면당 금액)
E20: (단위: 원,VAT별도)
C21: 2~3면 규모 | D21: 4~6면 규모 | E21: 7~30면 규모
B22: 월납 | C22: 100000 | D22: 50000 | E22: 25000
B24: □ 정기점검 월 서비스료 (주차 1면당 금액)
E25: (단위: 원,VAT별도)
C26: 2~3면 | D26: 4~6면 | E26: 7~30면
B27: 월납 | C27: 50000 | D27: 20000 | E27: 11000
B28: ※ 포함내용 : 년 4회 점검
B29: ※ 미포함내용 : 시스템 유지관리에 필요한 소모품 및 부속품 교체 비용

Sheet 샌디몰_표준판매가격
B2: ■ 샌디몰 표준판매가격
B4: ■ 전기차 진화 시스템 (주차 1면당 금액)
E5: (단위: 원,VAT별도)
C6: 2~3면 규모 | D6: 4~6면 규모 | E6: 7~30면 규모
B7: 무약정 | C7: 16200000 | D7: 12000000 | E7: 10800000
B8: 36개월 약정 | C8: 19200000 | D8: 13800000 | E8: 13200000
B9: 60개월 약정 | C9: 23400000 | D9: 16200000 | E9: 14400000
B11: ■ 원격 관제 시스템 (주차 1면당 금액)
E12: (단위: 원,VAT별도)
C13: 2~3면 규모 | D13: 4~6면 규모 | E13: 7~30면 규모
B14: 무약정 | C14: 2400000 | D14: 1680000 | E14: 1320000
B15: 24개월약정 | C15: 2560000 | D15: 1800000 | E15: 1410000
B16: 36개월약정 | C16: 2660000 | D16: 1800000 | E16: 1460000
B17: 60개월약정 | C17: 3050000 | D17: 2130000 | E17: 1680000
B19: ■ 원격관제시스템 월 운영서비스료 (주차 1면당 금액)
E20: (단위: 원,VAT별도)
C21: 2~3면 규모 | D21: 4~6면 규모 | E21: 7~30면 규모
B22: 월납 | C22: 120000 | D22: 60000 | E22: 30000
B24: □ 정기점검 월 서비스료 (주차 1면당 금액)
E25: (단위: 원,VAT별도)
C26: 2~3면 | D26: 4~6면 | E26: 7~30면
B27: 월납 | C27: 60000 | D27: 25000 | E27: 20000
B28: ※ 포함내용 : 년 4회 점검
B29: ※ 미포함내용 : 시스템 유지관리에 필요한 소모품 및 부속품 교체 비용
